time,thrust
0.001,2.282812
0.002,15.218749
0.003,23.589062
0.004,21.306248
0.005,22.828123
0.006,28.154686
0.007,41.851559
0.008,39.568748
0.009,31.959373
0.01,34.242184
0.011,40.329685
0.012,37.285934
0.013,14.457811
0.014,0.760937
0.015,30.437498
0.016,15.218749
0.017,31.198435
0.018,14.457811
0.019,21.306248
0.02,25.871874
0.021,44.134373
0.022,84.464058
0.023,117.945305
0.024,124.032806
0.025,165.884369
0.026,203.170303
0.027,198.604675
0.028,200.126556
0.029,189.473419
0.03,180.342178
0.031,180.342178
0.032,203.931244
0.033,234.368729
0.034,263.284363
0.035,270.132782
0.036,368.293732
0.037,402.535919
0.038,471.020294
0.039,505.262482
0.04,548.635925
0.041,537.221863
0.042,515.154663
0.043,523.524963
0.044,579.073425
0.045,616.359314
0.046,652.884338
0.047,676.473389
0.048,725.173401
0.049,755.610901
0.05,761.698364
0.051,706.149963
0.052,611.032776
0.053,580.595276
0.054,594.292175
0.055,656.689026
0.056,700.823364
0.057,741.153076
0.058,738.109314
0.059,695.496826
0.06,590.487488
0.061,519.720276
0.062,503.740601
0.063,593.531189
0.064,692.453064
0.065,744.957764
0.066,709.954651
0.067,720.607788
0.068,818.768677
0.069,882.687439
0.07,855.293701
0.071,773.873413
0.072,790.614014
0.073,779.960876
0.074,856.815552
0.075,815.724976
0.076,786.809326
0.077,623.207764
0.078,379.707794
0.079,289.156219
0.08,241.217178
0.081,343.1828
0.082,443.626526
0.083,576.790588
0.084,636.143738
0.085,704.628052
0.086,683.321838
0.087,706.149963
0.088,574.507751
0.089,581.356201
0.09,563.093689
0.091,523.524963
0.092,498.414032
0.093,481.673401
0.094,502.979645
0.095,400.253113
0.096,397.970276
0.097,422.320282
0.098,499.935913
0.099,521.242126
0.1,538.743713
0.101,575.268738
0.102,543.309326
0.103,592.770264
0.104,614.076538
0.105,546.353088
0.106,439.821838
0.107,397.970276
0.108,404.0578
0.109,404.0578
0.11,442.865601
0.111,480.15152
0.112,529.612488
0.113,531.895264
0.114,506.784332
0.115,506.784332
0.116,480.15152
0.117,476.346832
0.118,520.481201
0.119,509.067169
0.12,475.585907
0.121,444.387482
0.122,426.124969
0.123,381.990601
0.124,340.899963
0.125,375.142151
0.126,366.010925
0.127,405.579651
0.128,461.889038
0.129,518.198425
0.13,515.915588
0.131,514.393738
0.132,502.218719
0.133,483.195282
0.134,401.014038
0.135,377.424988
0.136,388.83905
0.137,429.929657
0.138,448.953094
0.139,500.696838
0.14,486.239044
0.141,471.020294
0.142,432.973419
0.143,445.148407
0.144,392.643738
0.145,391.882782
0.146,414.710907
0.147,430.690613
0.148,412.428101
0.149,440.582794
0.15,472.542145
0.151,474.824982
0.152,447.431213
0.153,477.868713
0.154,486.239044
0.155,475.585907
0.156,474.064026
0.157,464.171844
0.158,462.649963
0.159,402.535919
0.16,391.121857
0.161,361.445282
0.162,351.553101
0.163,364.489044
0.164,418.515594
0.165,425.364044
0.166,474.824982
0.167,502.979645
0.168,502.218719
0.169,485.478088
0.17,471.781219
0.171,467.976532
0.172,444.387482
0.173,443.626526
0.174,472.542145
0.175,465.693726
0.176,447.431213
0.177,462.649963
0.178,448.953094
0.179,406.340607
0.18,407.101532
0.181,451.235901
0.182,445.148407
0.183,457.323395
0.184,471.020294
0.185,491.565582
0.186,507.545288
0.187,490.043732
0.188,486.999969
0.189,463.410919
0.19,448.953094
0.191,465.693726
0.192,464.93277
0.193,470.259338
0.194,448.953094
0.195,448.192169
0.196,460.367157
0.197,421.559357
0.198,420.798401
0.199,409.384338
0.2,418.515594
0.201,441.343719
0.202,474.824982
0.203,464.171844
0.204,462.649963
0.205,455.040588
0.206,438.299988
0.207,429.929657
0.208,394.926544
0.209,401.014038
0.21,404.818726
0.211,437.539032
0.212,461.889038
0.213,461.889038
0.214,486.239044
0.215,495.37027
0.216,557.006226
0.217,568.420288
0.218,558.528076
0.219,515.154663
0.22,472.542145
0.221,452.757782
0.222,426.885925
0.223,452.757782
0.224,494.609344
0.225,487.760895
0.226,415.471863
0.227,346.226532
0.228,357.640594
0.229,313.506226
0.23,406.340607
0.231,462.649963
0.232,483.195282
0.233,483.195282
0.234,436.778107
0.235,376.664032
0.236,391.882782
0.237,432.212463
0.238,438.299988
0.239,437.539032
0.24,416.232788
0.241,429.168732
0.242,434.4953
0.243,435.256226
0.244,424.603088
0.245,417.754669
0.246,388.078094
0.247,401.014038
0.248,432.973419
0.249,436.017151
0.25,425.364044
0.251,411.667175
0.252,376.664032
0.253,346.226532
0.254,341.660919
0.255,363.728088
0.256,414.710907
0.257,440.582794
0.258,461.128082
0.259,464.171844
0.26,455.801544
0.261,476.346832
0.262,442.865601
0.263,418.515594
0.264,410.145294
0.265,438.299988
0.266,443.626526
0.267,470.259338
0.268,467.215607
0.269,451.235901
0.27,423.842163
0.271,407.101532
0.272,396.448425
0.273,396.448425
0.274,379.707794
0.275,430.690613
0.276,428.407776
0.277,404.818726
0.278,421.559357
0.279,460.367157
0.28,476.346832
0.281,471.020294
0.282,473.303101
0.283,427.646851
0.284,419.27655
0.285,388.078094
0.286,387.317169
0.287,395.687469
0.288,357.640594
0.289,375.903107
0.29,397.970276
0.291,414.710907
0.292,430.690613
0.293,423.842163
0.294,455.801544
0.295,439.821838
0.296,445.148407
0.297,436.017151
0.298,413.949982
0.299,388.83905
0.3,378.185913
0.301,356.118713
0.302,337.856232
0.303,376.664032
0.304,377.424988
0.305,399.492157
0.306,423.081238
0.307,413.949982
0.308,432.973419
0.309,423.842163
0.31,394.165588
0.311,378.185913
0.312,381.229675
0.313,362.206238
0.314,375.142151
0.315,384.273407
0.316,375.903107
0.317,359.162476
0.318,389.599976
0.319,417.754669
0.32,421.559357
0.321,426.124969
0.322,430.690613
0.323,397.970276
0.324,384.273407
0.325,342.421844
0.326,350.031219
0.327,346.226532
0.328,346.226532
0.329,362.967163
0.33,418.515594
0.331,463.410919
0.332,465.693726
0.333,464.93277
0.334,468.737457
0.335,429.168732
0.336,400.253113
0.337,389.599976
0.338,358.40155
0.339,362.206238
0.34,345.465607
0.341,327.96405
0.342,351.553101
0.343,377.424988
0.344,418.515594
0.345,428.407776
0.346,461.889038
0.347,447.431213
0.348,432.212463
0.349,408.623413
0.35,370.576538
0.351,348.509338
0.352,341.660919
0.353,361.445282
0.354,375.142151
0.355,379.707794
0.356,419.27655
0.357,436.778107
0.358,438.299988
0.359,408.623413
0.36,407.862488
0.361,381.990601
0.362,381.229675
0.363,376.664032
0.364,358.40155
0.365,354.596863
0.366,346.987488
0.367,372.859344
0.368,396.448425
0.369,405.579651
0.37,391.121857
0.371,416.232788
0.372,432.212463
0.373,419.27655
0.374,416.232788
0.375,406.340607
0.376,401.014038
0.377,375.142151
0.378,391.882782
0.379,388.078094
0.38,404.818726
0.381,409.384338
0.382,397.970276
0.383,404.0578
0.384,407.101532
0.385,420.798401
0.386,386.556213
0.387,367.532776
0.388,367.532776
0.389,353.835907
0.39,357.640594
0.391,363.728088
0.392,403.296844
0.393,411.667175
0.394,415.471863
0.395,411.667175
0.396,401.014038
0.397,398.731232
0.398,374.381226
0.399,375.903107
0.4,345.465607
0.401,322.637482
0.402,352.314026
0.403,350.792175
0.404,371.337463
0.405,384.273407
0.406,424.603088
0.407,444.387482
0.408,419.27655
0.409,411.667175
0.41,378.946838
0.411,363.728088
0.412,340.899963
0.413,327.203094
0.414,322.637482
0.415,315.789032
0.416,329.485931
0.417,362.206238
0.418,399.492157
0.419,407.862488
0.42,416.232788
0.421,423.842163
0.422,404.0578
0.423,370.576538
0.424,356.879669
0.425,344.704651
0.426,340.139038
0.427,344.704651
0.428,329.485931
0.429,351.553101
0.43,375.903107
0.431,397.209351
0.432,423.081238
0.433,455.040588
0.434,434.4953
0.435,429.168732
0.436,423.842163
0.437,423.842163
0.438,395.687469
0.439,363.728088
0.44,353.074982
0.441,337.095306
0.442,363.728088
0.443,391.121857
0.444,441.343719
0.445,455.801544
0.446,461.128082
0.447,475.585907
0.448,465.693726
0.449,435.256226
0.45,397.209351
0.451,380.468719
0.452,350.031219
0.453,344.704651
0.454,339.378113
0.455,361.445282
0.456,375.903107
0.457,413.949982
0.458,423.842163
0.459,462.649963
0.46,449.71402
0.461,459.606232
0.462,453.518707
0.463,416.993713
0.464,410.906219
0.465,385.034363
0.466,360.684357
0.467,338.617157
0.468,336.334351
0.469,345.465607
0.47,331.007782
0.471,358.40155
0.472,394.165588
0.473,426.885925
0.474,431.451538
0.475,425.364044
0.476,407.862488
0.477,385.034363
0.478,388.83905
0.479,346.226532
0.48,327.203094
0.481,321.876556
0.482,330.246857
0.483,321.876556
0.484,356.118713
0.485,365.249969
0.486,393.404663
0.487,386.556213
0.488,392.643738
0.489,407.862488
0.49,389.599976
0.491,381.990601
0.492,346.226532
0.493,329.485931
0.494,309.701538
0.495,302.853119
0.496,322.637482
0.497,322.637482
0.498,358.40155
0.499,367.532776
0.5,397.970276
0.501,388.83905
0.502,382.751526
0.503,369.815613
0.504,358.40155
0.505,363.728088
0.506,345.465607
0.507,352.314026
0.508,340.139038
0.509,343.1828
0.51,323.398407
0.511,346.987488
0.512,342.421844
0.513,388.078094
0.514,396.448425
0.515,392.643738
0.516,392.643738
0.517,381.990601
0.518,362.206238
0.519,365.249969
0.52,372.098419
0.521,366.771851
0.522,349.270294
0.523,339.378113
0.524,343.1828
0.525,356.118713
0.526,372.859344
0.527,397.970276
0.528,370.576538
0.529,390.360901
0.53,386.556213
0.531,399.492157
0.532,401.014038
0.533,377.424988
0.534,349.270294
0.535,355.357788
0.536,350.031219
0.537,355.357788
0.538,343.1828
0.539,353.835907
0.54,349.270294
0.541,349.270294
0.542,353.835907
0.543,343.1828
0.544,364.489044
0.545,365.249969
0.546,367.532776
0.547,356.118713
0.548,379.707794
0.549,355.357788
0.55,365.249969
0.551,360.684357
0.552,340.899963
0.553,332.529663
0.554,335.573425
0.555,353.835907
0.556,354.596863
0.557,353.835907
0.558,363.728088
0.559,329.485931
0.56,346.226532
0.561,354.596863
0.562,362.206238
0.563,358.40155
0.564,360.684357
0.565,337.095306
0.566,362.206238
0.567,349.270294
0.568,356.879669
0.569,347.748413
0.57,343.1828
0.571,324.159363
0.572,340.899963
0.573,343.1828
0.574,350.792175
0.575,355.357788
0.576,375.142151
0.577,411.667175
0.578,410.906219
0.579,433.734344
0.58,426.124969
0.581,404.818726
0.582,371.337463
0.583,353.074982
0.584,358.40155
0.585,312.7453
0.586,318.832794
0.587,313.506226
0.588,337.856232
0.589,335.573425
0.59,360.684357
0.591,399.492157
0.592,416.232788
0.593,418.515594
0.594,394.165588
0.595,410.145294
0.596,379.707794
0.597,375.903107
0.598,335.573425
0.599,335.573425
0.6,329.485931
0.601,316.549988
0.602,327.203094
0.603,356.118713
0.604,404.818726
0.605,420.798401
0.606,425.364044
0.607,433.734344
0.608,437.539032
0.609,396.448425
0.61,372.098419
0.611,341.660919
0.612,296.765594
0.613,279.264038
0.614,298.287476
0.615,274.698425
0.616,305.135925
0.617,319.593719
0.618,397.209351
0.619,419.27655
0.62,442.865601
0.621,443.626526
0.622,470.259338
0.623,426.885925
0.624,374.381226
0.625,333.290619
0.626,311.984344
0.627,251.10936
0.628,250.348419
0.629,254.914047
0.63,286.112488
0.631,324.920288
0.632,335.573425
0.633,369.815613
0.634,397.209351
0.635,452.757782
0.636,426.885925
0.637,387.317169
0.638,372.859344
0.639,352.314026
0.64,282.3078
0.641,257.957794
0.642,261.762482
0.643,267.08905
0.644,275.459351
0.645,302.853119
0.646,339.378113
0.647,397.970276
0.648,430.690613
0.649,452.757782
0.65,436.778107
0.651,410.906219
0.652,394.165588
0.653,356.879669
0.654,334.051544
0.655,301.331238
0.656,300.570282
0.657,285.351532
0.658,315.028107
0.659,336.334351
0.66,383.512482
0.661,399.492157
0.662,405.579651
0.663,423.081238
0.664,401.774963
0.665,363.728088
0.666,337.856232
0.667,339.378113
0.668,327.203094
0.669,300.570282
0.67,289.156219
0.671,324.920288
0.672,331.007782
0.673,362.967163
0.674,383.512482
0.675,359.162476
0.676,397.209351
0.677,397.209351
0.678,363.728088
0.679,352.314026
0.68,340.899963
0.681,312.7453
0.682,283.829681
0.683,280.785919
0.684,278.503113
0.685,304.374969
0.686,349.270294
0.687,371.337463
0.688,388.078094
0.689,395.687469
0.69,401.014038
0.691,378.946838
0.692,371.337463
0.693,337.856232
0.694,298.287476
0.695,313.506226
0.696,290.678101
0.697,296.765594
0.698,329.485931
0.699,343.943726
0.7,349.270294
0.701,366.010925
0.702,391.882782
0.703,389.599976
0.704,377.424988
0.705,370.576538
0.706,353.835907
0.707,327.203094
0.708,322.637482
0.709,284.590607
0.71,301.331238
0.711,321.115601
0.712,345.465607
0.713,329.485931
0.714,384.273407
0.715,413.189026
0.716,423.081238
0.717,419.27655
0.718,383.512482
0.719,355.357788
0.72,350.792175
0.721,306.657806
0.722,301.331238
0.723,286.873413
0.724,317.310913
0.725,303.614044
0.726,295.243744
0.727,302.853119
0.728,341.660919
0.729,391.121857
0.73,422.320282
0.731,408.623413
0.732,401.014038
0.733,373.6203
0.734,328.724976
0.735,344.704651
0.736,287.634369
0.737,282.3078
0.738,270.132782
0.739,299.809357
0.74,294.482788
0.741,322.637482
0.742,348.509338
0.743,374.381226
0.744,347.748413
0.745,358.40155
0.746,372.098419
0.747,361.445282
0.748,341.660919
0.749,337.095306
0.75,330.246857
0.751,308.179657
0.752,302.853119
0.753,283.068726
0.754,310.462494
0.755,325.681244
0.756,353.835907
0.757,357.640594
0.758,365.249969
0.759,350.792175
0.76,349.270294
0.761,381.990601
0.762,349.270294
0.763,331.768738
0.764,318.071869
0.765,312.7453
0.766,285.351532
0.767,285.351532
0.768,314.267181
0.769,328.724976
0.77,331.768738
0.771,349.270294
0.772,357.640594
0.773,372.098419
0.774,378.946838
0.775,369.054657
0.776,343.1828
0.777,312.7453
0.778,303.614044
0.779,299.048431
0.78,286.873413
0.781,309.701538
0.782,292.960907
0.783,328.724976
0.784,326.442169
0.785,355.357788
0.786,382.751526
0.787,397.209351
0.788,394.165588
0.789,378.946838
0.79,373.6203
0.791,331.007782
0.792,293.721863
0.793,320.354675
0.794,316.549988
0.795,277.742157
0.796,294.482788
0.797,307.418732
0.798,325.681244
0.799,346.987488
0.8,377.424988
0.801,372.098419
0.802,356.118713
0.803,360.684357
0.804,346.226532
0.805,344.704651
0.806,329.485931
0.807,304.374969
0.808,296.765594
0.809,304.374969
0.81,273.937469
0.811,270.893738
0.812,327.96405
0.813,346.226532
0.814,353.074982
0.815,366.010925
0.816,380.468719
0.817,367.532776
0.818,375.142151
0.819,362.967163
0.82,328.724976
0.821,293.721863
0.822,283.829681
0.823,251.8703
0.824,257.957794
0.825,283.829681
0.826,317.310913
0.827,314.267181
0.828,345.465607
0.829,371.337463
0.83,395.687469
0.831,383.512482
0.832,375.903107
0.833,369.054657
0.834,313.506226
0.835,293.721863
0.836,257.957794
0.837,240.456238
0.838,264.806244
0.839,276.220306
0.84,275.459351
0.841,302.092163
0.842,310.462494
0.843,349.270294
0.844,386.556213
0.845,418.515594
0.846,397.209351
0.847,384.273407
0.848,329.485931
0.849,287.634369
0.85,292.960907
0.851,268.610931
0.852,285.351532
0.853,281.546844
0.854,302.853119
0.855,336.334351
0.856,335.573425
0.857,357.640594
0.858,368.293732
0.859,339.378113
0.86,346.226532
0.861,320.354675
0.862,310.462494
0.863,286.112488
0.864,305.896851
0.865,326.442169
0.866,300.570282
0.867,289.156219
0.868,284.590607
0.869,311.984344
0.87,327.96405
0.871,358.40155
0.872,346.226532
0.873,354.596863
0.874,357.640594
0.875,306.657806
0.876,317.310913
0.877,295.243744
0.878,296.004669
0.879,283.068726
0.88,294.482788
0.881,291.439056
0.882,296.004669
0.883,315.789032
0.884,355.357788
0.885,352.314026
0.886,353.835907
0.887,375.903107
0.888,366.771851
0.889,353.074982
0.89,315.028107
0.891,304.374969
0.892,303.614044
0.893,273.937469
0.894,276.220306
0.895,254.914047
0.896,271.654663
0.897,303.614044
0.898,340.899963
0.899,324.920288
0.9,339.378113
0.901,319.593719
0.902,351.553101
0.903,366.771851
0.904,332.529663
0.905,325.681244
0.906,304.374969
0.907,285.351532
0.908,265.567169
0.909,258.718719
0.91,277.742157
0.911,280.785919
0.912,298.287476
0.913,297.52655
0.914,306.657806
0.915,340.899963
0.916,370.576538
0.917,371.337463
0.918,356.879669
0.919,337.095306
0.92,315.028107
0.921,267.08905
0.922,269.371857
0.923,273.176544
0.924,273.176544
0.925,268.610931
0.926,285.351532
0.927,294.482788
0.928,289.156219
0.929,333.290619
0.93,359.162476
0.931,378.946838
0.932,330.246857
0.933,314.267181
0.934,324.159363
0.935,329.485931
0.936,302.853119
0.937,300.570282
0.938,302.092163
0.939,296.004669
0.94,283.068726
0.941,263.284363
0.942,252.631241
0.943,273.937469
0.944,288.395294
0.945,331.007782
0.946,315.028107
0.947,331.007782
0.948,375.142151
0.949,394.926544
0.95,342.421844
0.951,335.573425
0.952,319.593719
0.953,283.068726
0.954,246.543732
0.955,242.739044
0.956,248.826553
0.957,292.960907
0.958,319.593719
0.959,337.856232
0.96,337.095306
0.961,343.943726
0.962,370.576538
0.963,375.142151
0.964,362.967163
0.965,321.876556
0.966,301.331238
0.967,250.348419
0.968,213.823425
0.969,213.062485
0.97,245.021866
0.971,284.590607
0.972,301.331238
0.973,323.398407
0.974,340.899963
0.975,369.054657
0.976,389.599976
0.977,382.751526
0.978,355.357788
0.979,327.203094
0.98,319.593719
0.981,274.698425
0.982,227.520294
0.983,238.934357
0.984,242.739044
0.985,264.806244
0.986,286.873413
0.987,297.52655
0.988,288.395294
0.989,314.267181
0.99,341.660919
0.991,378.185913
0.992,359.162476
0.993,313.506226
0.994,321.876556
0.995,283.068726
0.996,275.459351
0.997,284.590607
0.998,276.981232
0.999,273.937469
1,314.267181
1.001,311.223419
1.002,278.503113
1.003,274.698425
1.004,308.179657
1.005,321.876556
1.006,313.506226
1.007,292.199982
1.008,289.156219
1.009,297.52655
1.01,324.920288
1.011,311.223419
1.012,303.614044
1.013,315.789032
1.014,311.223419
1.015,283.829681
1.016,259.479675
1.017,267.849976
1.018,268.610931
1.019,269.371857
1.02,284.590607
1.021,290.678101
1.022,296.765594
1.023,330.246857
1.024,355.357788
1.025,338.617157
1.026,327.96405
1.027,316.549988
1.028,310.462494
1.029,279.264038
1.03,247.304672
1.031,280.785919
1.032,283.829681
1.033,280.024994
1.034,279.264038
1.035,273.176544
1.036,268.610931
1.037,276.981232
1.038,325.681244
1.039,335.573425
1.04,345.465607
1.041,346.226532
1.042,331.768738
1.043,319.593719
1.044,300.570282
1.045,327.96405
1.046,299.809357
1.047,282.3078
1.048,277.742157
1.049,268.610931
1.05,240.456238
1.051,238.173416
1.052,305.135925
1.053,316.549988
1.054,323.398407
1.055,335.573425
1.056,374.381226
1.057,349.270294
1.058,367.532776
1.059,340.899963
1.06,308.179657
1.061,278.503113
1.062,280.024994
1.063,245.782791
1.064,212.301544
1.065,235.89061
1.066,283.829681
1.067,297.52655
1.068,307.418732
1.069,349.270294
1.07,348.509338
1.071,375.142151
1.072,375.903107
1.073,353.074982
1.074,316.549988
1.075,290.678101
1.076,266.328094
1.077,232.085922
1.078,177.298431
1.079,206.21405
1.08,261.001556
1.081,311.984344
1.082,317.310913
1.083,337.095306
1.084,382.751526
1.085,391.882782
1.086,369.054657
1.087,344.704651
1.088,292.960907
1.089,262.523407
1.09,246.543732
1.091,200.887482
1.092,196.321869
1.093,209.257797
1.094,264.045288
1.095,301.331238
1.096,343.1828
1.097,375.903107
1.098,407.862488
1.099,426.885925
1.1,413.189026
1.101,364.489044
1.102,302.853119
1.103,264.045288
1.104,215.345306
1.105,169.689056
1.106,146.099991
1.107,185.668732
1.108,264.806244
1.109,302.092163
1.11,324.159363
1.111,364.489044
1.112,421.559357
1.113,459.606232
1.114,421.559357
1.115,384.273407
1.116,337.856232
1.117,314.267181
1.118,259.479675
1.119,194.799988
1.12,172.732803
1.121,173.493744
1.122,216.867172
1.123,238.173416
1.124,254.153107
1.125,289.156219
1.126,308.940613
1.127,359.162476
1.128,396.448425
1.129,413.949982
1.13,367.532776
1.131,356.879669
1.132,357.640594
1.133,292.199982
1.134,248.826553
1.135,200.126556
1.136,209.257797
1.137,200.887482
1.138,212.301544
1.139,219.910919
1.14,239.695297
1.141,280.024994
1.142,318.832794
1.143,369.815613
1.144,383.512482
1.145,404.818726
1.146,408.623413
1.147,409.384338
1.148,341.660919
1.149,280.024994
1.15,237.412491
1.151,209.257797
1.152,178.059357
1.153,165.123428
1.154,162.840622
1.155,187.190613
1.156,213.062485
1.157,276.220306
1.158,337.856232
1.159,410.906219
1.16,490.043732
1.161,522.764038
1.162,490.043732
1.163,380.468719
1.164,297.52655
1.165,235.129669
1.166,185.668732
1.167,156.753113
1.168,133.164047
1.169,148.382797
1.17,153.709366
1.171,199.365616
1.172,223.715607
1.173,280.785919
1.174,368.293732
1.175,471.781219
1.176,505.262482
1.177,485.478088
1.178,407.862488
1.179,355.357788
1.18,280.024994
1.181,218.389053
1.182,181.864044
1.183,153.709366
1.184,133.924988
1.185,134.685928
1.186,181.864044
1.187,216.106232
1.188,251.10936
1.189,337.095306
1.19,428.407776
1.191,457.323395
1.192,506.784332
1.193,485.478088
1.194,422.320282
1.195,316.549988
1.196,254.914047
1.197,194.799988
1.198,147.621872
1.199,129.35936
1.2,117.184364
1.201,143.817184
1.202,165.123428
1.203,238.934357
1.204,298.287476
1.205,341.660919
1.206,430.690613
1.207,469.498413
1.208,439.060913
1.209,392.643738
1.21,359.923401
1.211,308.940613
1.212,245.021866
1.213,186.429672
1.214,168.928116
1.215,154.470306
1.216,152.187485
1.217,170.449982
1.218,219.149994
1.219,231.324982
1.22,283.068726
1.221,333.290619
1.222,410.906219
1.223,419.27655
1.224,436.778107
1.225,404.0578
1.226,329.485931
1.227,240.456238
1.228,204.692169
1.229,189.473419
1.23,159.79686
1.231,146.860931
1.232,159.035934
1.233,182.624985
1.234,241.217178
1.235,260.240601
1.236,308.940613
1.237,366.010925
1.238,423.081238
1.239,443.626526
1.24,418.515594
1.241,369.054657
1.242,300.570282
1.243,233.607803
1.244,175.77655
1.245,159.035934
1.246,155.992172
1.247,153.709366
1.248,157.514053
1.249,191.756241
1.25,244.260925
1.251,272.415619
1.252,322.637482
1.253,404.0578
1.254,444.387482
1.255,433.734344
1.256,405.579651
1.257,346.226532
1.258,280.024994
1.259,217.628113
1.26,177.298431
1.261,176.537491
1.262,150.665619
1.263,163.601547
1.264,176.537491
1.265,212.301544
1.266,227.520294
1.267,266.328094
1.268,334.051544
1.269,394.926544
1.27,405.579651
1.271,401.014038
1.272,381.990601
1.273,331.007782
1.274,263.284363
1.275,201.648422
1.276,190.23436
1.277,163.601547
1.278,169.689056
1.279,173.493744
1.28,186.429672
1.281,217.628113
1.282,233.607803
1.283,268.610931
1.284,310.462494
1.285,393.404663
1.286,406.340607
1.287,400.253113
1.288,375.903107
1.289,311.984344
1.29,254.153107
1.291,190.9953
1.292,170.449982
1.293,164.362488
1.294,162.840622
1.295,165.884369
1.296,181.864044
1.297,219.149994
1.298,232.846863
1.299,258.718719
1.3,331.007782
1.301,397.970276
1.302,419.27655
1.303,398.731232
1.304,384.273407
1.305,322.637482
1.306,276.220306
1.307,220.67186
1.308,185.668732
1.309,138.490616
1.31,130.881241
1.311,152.187485
1.312,152.948425
1.313,178.059357
1.314,224.476547
1.315,258.718719
1.316,350.792175
1.317,414.710907
1.318,427.646851
1.319,414.710907
1.32,376.664032
1.321,306.657806
1.322,244.260925
1.323,198.604675
1.324,166.645309
1.325,155.992172
1.326,154.470306
1.327,130.1203
1.328,155.992172
1.329,185.668732
1.33,219.910919
1.331,270.132782
1.332,349.270294
1.333,429.929657
1.334,444.387482
1.335,451.235901
1.336,397.970276
1.337,325.681244
1.338,257.196869
1.339,190.9953
1.34,168.167175
1.341,131.642181
1.342,125.55468
1.343,119.467178
1.344,174.254669
1.345,197.082794
1.346,232.085922
1.347,297.52655
1.348,373.6203
1.349,419.27655
1.35,430.690613
1.351,401.014038
1.352,340.899963
1.353,272.415619
1.354,212.301544
1.355,170.449982
1.356,159.035934
1.357,151.426559
1.358,136.207809
1.359,164.362488
1.36,184.146866
1.361,229.042175
1.362,244.260925
1.363,310.462494
1.364,356.118713
1.365,403.296844
1.366,380.468719
1.367,361.445282
1.368,325.681244
1.369,267.08905
1.37,213.062485
1.371,179.581238
1.372,151.426559
1.373,137.729675
1.374,143.056244
1.375,151.426559
1.376,188.712494
1.377,212.301544
1.378,256.435913
1.379,311.223419
1.38,385.795288
1.381,416.993713
1.382,407.862488
1.383,357.640594
1.384,308.179657
1.385,235.89061
1.386,184.907806
1.387,171.210922
1.388,150.665619
1.389,162.079681
1.39,145.33905
1.391,164.362488
1.392,183.385925
1.393,222.954666
1.394,246.543732
1.395,331.768738
1.396,364.489044
1.397,402.535919
1.398,393.404663
1.399,363.728088
1.4,313.506226
1.401,235.129669
1.402,209.257797
1.403,174.254669
1.404,155.231247
1.405,145.33905
1.406,132.403122
1.407,151.426559
1.408,170.449982
1.409,208.496857
1.41,222.954666
1.411,331.768738
1.412,392.643738
1.413,404.0578
1.414,395.687469
1.415,369.054657
1.416,313.506226
1.417,264.806244
1.418,201.648422
1.419,159.79686
1.42,150.665619
1.421,149.904678
1.422,128.598434
1.423,148.382797
1.424,184.146866
1.425,204.692169
1.426,241.217178
1.427,321.876556
1.428,383.512482
1.429,422.320282
1.43,437.539032
1.431,399.492157
1.432,346.226532
1.433,251.10936
1.434,184.907806
1.435,168.928116
1.436,142.295303
1.437,117.945305
1.438,128.598434
1.439,147.621872
1.44,184.907806
1.441,212.301544
1.442,248.065613
1.443,335.573425
1.444,417.754669
1.445,445.909332
1.446,438.299988
1.447,402.535919
1.448,324.159363
1.449,235.89061
1.45,176.537491
1.451,141.534363
1.452,130.1203
1.453,104.248428
1.454,112.618744
1.455,135.446869
1.456,171.971863
1.457,200.126556
1.458,252.631241
1.459,346.987488
1.46,439.060913
1.461,458.084351
1.462,461.128082
1.463,407.101532
1.464,327.96405
1.465,266.328094
1.466,200.126556
1.467,157.514053
1.468,121.749992
1.469,118.706245
1.47,95.11718
1.471,128.598434
1.472,158.274994
1.473,205.45311
1.474,275.459351
1.475,381.229675
1.476,457.323395
1.477,467.215607
1.478,453.518707
1.479,388.078094
1.48,314.267181
1.481,213.823425
1.482,176.537491
1.483,157.514053
1.484,128.598434
1.485,95.87812
1.486,108.814056
1.487,124.032806
1.488,162.840622
1.489,210.779678
1.49,296.765594
1.491,389.599976
1.492,450.474976
1.493,477.107788
1.494,450.474976
1.495,401.774963
1.496,292.960907
1.497,233.607803
1.498,175.77655
1.499,142.295303
1.5,116.423431
1.501,101.965622
1.502,132.403122
1.503,149.143738
1.504,194.039047
1.505,220.67186
1.506,287.634369
1.507,375.903107
1.508,428.407776
1.509,439.060913
1.51,409.384338
1.511,364.489044
1.512,287.634369
1.513,222.193741
1.514,174.254669
1.515,162.079681
1.516,149.904678
1.517,130.1203
1.518,130.1203
1.519,146.860931
1.52,190.9953
1.521,208.496857
1.522,248.826553
1.523,335.573425
1.524,384.273407
1.525,413.189026
1.526,410.906219
1.527,363.728088
1.528,307.418732
1.529,262.523407
1.53,209.257797
1.531,173.493744
1.532,147.621872
1.533,143.056244
1.534,150.665619
1.535,152.187485
1.536,168.928116
1.537,203.931244
1.538,233.607803
1.539,292.199982
1.54,342.421844
1.541,393.404663
1.542,401.774963
1.543,387.317169
1.544,342.421844
1.545,272.415619
1.546,229.042175
1.547,167.406235
1.548,152.948425
1.549,132.403122
1.55,122.510933
1.551,136.968735
1.552,151.426559
1.553,185.668732
1.554,204.692169
1.555,270.893738
1.556,329.485931
1.557,370.576538
1.558,388.078094
1.559,371.337463
1.56,328.724976
1.561,276.981232
1.562,221.4328
1.563,176.537491
1.564,148.382797
1.565,134.685928
1.566,130.1203
1.567,144.57811
1.568,144.57811
1.569,179.581238
1.57,210.018738
1.571,274.698425
1.572,321.115601
1.573,390.360901
1.574,407.101532
1.575,377.424988
1.576,340.139038
1.577,267.849976
1.578,218.389053
1.579,175.01561
1.58,130.881241
1.581,116.423431
1.582,134.685928
1.583,136.207809
1.584,156.753113
1.585,197.843735
1.586,213.823425
1.587,276.981232
1.588,353.835907
1.589,401.774963
1.59,385.034363
1.591,358.40155
1.592,331.007782
1.593,265.567169
1.594,216.106232
1.595,161.318741
1.596,136.968735
1.597,124.032806
1.598,133.164047
1.599,124.793739
1.6,166.645309
1.601,203.170303
1.602,219.910919
1.603,268.610931
1.604,339.378113
1.605,384.273407
1.606,393.404663
1.607,370.576538
1.608,315.789032
1.609,266.328094
1.61,198.604675
1.611,172.732803
1.612,150.665619
1.613,136.207809
1.614,121.749992
1.615,133.164047
1.616,165.123428
1.617,177.298431
1.618,204.692169
1.619,220.67186
1.62,295.243744
1.621,352.314026
1.622,360.684357
1.623,372.098419
1.624,340.139038
1.625,304.374969
1.626,235.89061
1.627,177.298431
1.628,155.992172
1.629,137.729675
1.63,124.793739
1.631,120.228119
1.632,132.403122
1.633,162.840622
1.634,181.103119
1.635,218.389053
1.636,289.156219
1.637,352.314026
1.638,393.404663
1.639,410.145294
1.64,387.317169
1.641,324.159363
1.642,272.415619
1.643,217.628113
1.644,157.514053
1.645,127.837494
1.646,105.770309
1.647,101.965622
1.648,95.11718
1.649,136.968735
1.65,168.928116
1.651,218.389053
1.652,295.243744
1.653,391.882782
1.654,434.4953
1.655,432.212463
1.656,419.27655
1.657,359.162476
1.658,277.742157
1.659,205.45311
1.66,152.948425
1.661,116.423431
1.662,97.399994
1.663,89.790619
1.664,90.551559
1.665,132.403122
1.666,171.971863
1.667,206.21405
1.668,261.001556
1.669,372.859344
1.67,442.865601
1.671,458.845276
1.672,442.104645
1.673,388.078094
1.674,305.896851
1.675,219.910919
1.676,174.254669
1.677,119.467178
1.678,107.292183
1.679,95.11718
1.68,82.942184
1.681,117.184364
1.682,171.971863
1.683,191.756241
1.684,221.4328
1.685,283.829681
1.686,347.748413
1.687,397.970276
1.688,397.209351
1.689,378.946838
1.69,306.657806
1.691,248.826553
1.692,199.365616
1.693,166.645309
1.694,145.33905
1.695,113.379677
1.696,124.793739
1.697,136.207809
1.698,152.948425
1.699,169.689056
1.7,195.560928
1.701,242.739044
1.702,317.310913
1.703,391.121857
1.704,389.599976
1.705,382.751526
1.706,363.728088
1.707,296.765594
1.708,234.368729
1.709,180.342178
1.71,148.382797
1.711,124.032806
1.712,121.749992
1.713,117.945305
1.714,144.57811
1.715,151.426559
1.716,177.298431
1.717,193.278107
1.718,273.937469
1.719,322.637482
1.72,361.445282
1.721,397.970276
1.722,362.967163
1.723,327.203094
1.724,261.001556
1.725,226.759354
1.726,173.493744
1.727,133.924988
1.728,117.945305
1.729,106.531242
1.73,125.55468
1.731,137.729675
1.732,175.77655
1.733,197.082794
1.734,245.021866
1.735,312.7453
1.736,362.206238
1.737,376.664032
1.738,381.229675
1.739,356.879669
1.74,305.135925
1.741,246.543732
1.742,175.77655
1.743,141.534363
1.744,117.945305
1.745,101.965622
1.746,109.574997
1.747,146.099991
1.748,154.470306
1.749,177.298431
1.75,224.476547
1.751,241.978104
1.752,307.418732
1.753,350.031219
1.754,378.185913
1.755,366.010925
1.756,321.115601
1.757,265.567169
1.758,200.126556
1.759,145.33905
1.76,120.989052
1.761,104.248428
1.762,108.814056
1.763,133.164047
1.764,160.5578
1.765,178.059357
1.766,194.039047
1.767,210.779678
1.768,276.220306
1.769,340.899963
1.77,372.098419
1.771,358.40155
1.772,351.553101
1.773,296.004669
1.774,252.631241
1.775,197.843735
1.776,142.295303
1.777,115.662491
1.778,109.574997
1.779,95.87812
1.78,115.662491
1.781,137.729675
1.782,190.9953
1.783,209.257797
1.784,252.631241
1.785,320.354675
1.786,385.795288
1.787,401.014038
1.788,383.512482
1.789,343.943726
1.79,280.024994
1.791,219.910919
1.792,178.820297
1.793,143.817184
1.794,101.965622
1.795,101.204681
1.796,106.531242
1.797,128.598434
1.798,149.143738
1.799,171.971863
1.8,212.301544
1.801,266.328094
1.802,340.899963
1.803,379.707794
1.804,386.556213
1.805,374.381226
1.806,337.856232
1.807,292.199982
1.808,224.476547
1.809,172.732803
1.81,148.382797
1.811,121.749992
1.812,108.814056
1.813,103.487495
1.814,131.642181
1.815,132.403122
1.816,187.190613
1.817,204.692169
1.818,272.415619
1.819,337.095306
1.82,373.6203
1.821,375.142151
1.822,353.835907
1.823,324.920288
1.824,272.415619
1.825,213.823425
1.826,176.537491
1.827,140.012497
1.828,109.574997
1.829,103.487495
1.83,100.443741
1.831,120.228119
1.832,143.056244
1.833,181.103119
1.834,212.301544
1.835,257.196869
1.836,311.984344
1.837,366.771851
1.838,379.707794
1.839,360.684357
1.84,320.354675
1.841,276.220306
1.842,209.257797
1.843,167.406235
1.844,137.729675
1.845,102.726555
1.846,95.87812
1.847,106.531242
1.848,140.773422
1.849,150.665619
1.85,164.362488
1.851,188.712494
1.852,244.260925
1.853,300.570282
1.854,358.40155
1.855,371.337463
1.856,362.206238
1.857,316.549988
1.858,270.132782
1.859,205.45311
1.86,159.79686
1.861,117.184364
1.862,104.248428
1.863,83.703117
1.864,86.746872
1.865,120.989052
1.866,149.904678
1.867,172.732803
1.868,206.21405
1.869,277.742157
1.87,343.943726
1.871,382.751526
1.872,366.010925
1.873,331.007782
1.874,292.199982
1.875,235.129669
1.876,145.33905
1.877,129.35936
1.878,97.399994
1.879,85.985931
1.88,90.551559
1.881,132.403122
1.882,139.251556
1.883,178.820297
1.884,206.21405
1.885,243.499985
1.886,311.223419
1.887,355.357788
1.888,378.185913
1.889,346.226532
1.89,309.701538
1.891,261.001556
1.892,207.735931
1.893,140.773422
1.894,111.857803
1.895,76.854683
1.896,66.201561
1.897,82.181244
1.898,101.965622
1.899,148.382797
1.9,173.493744
1.901,221.4328
1.902,271.654663
1.903,321.115601
1.904,375.142151
1.905,383.512482
1.906,348.509338
1.907,309.701538
1.908,256.435913
1.909,207.735931
1.91,157.514053
1.911,110.33593
1.912,85.985931
1.913,76.854683
1.914,71.528122
1.915,111.857803
1.916,140.012497
1.917,168.167175
1.918,215.345306
1.919,285.351532
1.92,353.835907
1.921,397.970276
1.922,384.273407
1.923,362.206238
1.924,293.721863
1.925,222.954666
1.926,156.753113
1.927,127.837494
1.928,89.790619
1.929,76.093742
1.93,76.854683
1.931,93.595306
1.932,121.749992
1.933,162.079681
1.934,191.756241
1.935,229.803116
1.936,292.960907
1.937,352.314026
1.938,369.815613
1.939,349.270294
1.94,318.071869
1.941,254.914047
1.942,190.9953
1.943,133.924988
1.944,119.467178
1.945,96.639053
1.946,61.635933
1.947,105.770309
1.948,120.989052
1.949,161.318741
1.95,184.907806
1.951,205.45311
1.952,244.260925
1.953,282.3078
1.954,336.334351
1.955,337.856232
1.956,330.246857
1.957,291.439056
1.958,259.479675
1.959,206.974991
1.96,152.948425
1.961,111.09687
1.962,86.746872
1.963,103.487495
1.964,120.989052
1.965,125.55468
1.966,148.382797
1.967,163.601547
1.968,190.9953
1.969,225.998428
1.97,263.284363
1.971,320.354675
1.972,334.051544
1.973,327.96405
1.974,283.829681
1.975,261.001556
1.976,206.974991
1.977,158.274994
1.978,113.379677
1.979,105.770309
1.98,84.464058
1.981,96.639053
1.982,120.228119
1.983,140.773422
1.984,164.362488
1.985,172.732803
1.986,227.520294
1.987,280.785919
1.988,334.812469
1.989,358.40155
1.99,330.246857
1.991,302.853119
1.992,252.631241
1.993,197.843735
1.994,136.207809
1.995,97.399994
1.996,92.834366
1.997,90.551559
1.998,106.531242
1.999,126.31562
2,147.621872
2.001,168.928116
2.002,188.712494
2.003,251.10936
2.004,303.614044
2.005,357.640594
2.006,343.943726
2.007,340.139038
2.008,295.243744
2.009,248.065613
2.01,186.429672
2.011,143.056244
2.012,114.901558
2.013,98.921867
2.014,88.268745
2.015,108.814056
2.016,110.33593
2.017,145.33905
2.018,158.274994
2.019,188.712494
2.02,238.173416
2.021,297.52655
2.022,340.899963
2.023,358.40155
2.024,367.532776
2.025,327.96405
2.026,270.132782
2.027,221.4328
2.028,160.5578
2.029,116.423431
2.03,70.767181
2.031,67.723434
2.032,89.029678
2.033,108.053116
2.034,140.773422
2.035,159.035934
2.036,179.581238
2.037,216.867172
2.038,262.523407
2.039,346.226532
2.04,382.751526
2.041,359.162476
2.042,315.789032
2.043,264.806244
2.044,216.867172
2.045,147.621872
2.046,90.551559
2.047,63.15781
2.048,49.460934
2.049,61.635933
2.05,98.921867
2.051,122.510933
2.052,148.382797
2.053,179.581238
2.054,227.520294
2.055,289.156219
2.056,331.768738
2.057,363.728088
2.058,346.226532
2.059,296.765594
2.06,235.89061
2.061,177.298431
2.062,112.618744
2.063,85.985931
2.064,71.528122
2.065,66.962494
2.066,73.810936
2.067,120.989052
2.068,151.426559
2.069,165.884369
2.07,197.082794
2.071,244.260925
2.072,297.52655
2.073,324.920288
2.074,342.421844
2.075,327.203094
2.076,301.331238
2.077,265.567169
2.078,186.429672
2.079,127.076553
2.08,94.356247
2.081,62.39687
2.082,76.854683
2.083,97.399994
2.084,133.924988
2.085,127.076553
2.086,153.709366
2.087,198.604675
2.088,236.65155
2.089,289.917175
2.09,315.789032
2.091,344.704651
2.092,317.310913
2.093,264.806244
2.094,223.715607
2.095,173.493744
2.096,120.228119
2.097,78.376556
2.098,57.831245
2.099,76.854683
2.1,91.312492
2.101,116.423431
2.102,162.079681
2.103,175.01561
2.104,190.9953
2.105,216.106232
2.106,270.132782
2.107,315.789032
2.108,316.549988
2.109,290.678101
2.11,274.698425
2.111,235.129669
2.112,185.668732
2.113,127.837494
2.114,101.965622
2.115,92.073433
2.116,73.810936
2.117,82.181244
2.118,104.248428
2.119,136.207809
2.12,155.992172
2.121,184.907806
2.122,220.67186
2.123,262.523407
2.124,325.681244
2.125,347.748413
2.126,346.226532
2.127,304.374969
2.128,272.415619
2.129,199.365616
2.13,127.076553
2.131,85.985931
2.132,65.44062
2.133,60.114059
2.134,63.15781
2.135,108.814056
2.136,110.33593
2.137,145.33905
2.138,165.123428
2.139,223.715607
2.14,267.849976
2.141,334.812469
2.142,369.054657
2.143,340.899963
2.144,295.243744
2.145,224.476547
2.146,172.732803
2.147,126.31562
2.148,82.942184
2.149,54.026558
2.15,58.592182
2.151,87.507805
2.152,128.598434
2.153,151.426559
2.154,166.645309
2.155,194.799988
2.156,210.779678
2.157,285.351532
2.158,333.290619
2.159,342.421844
2.16,330.246857
2.161,296.765594
2.162,238.934357
2.163,206.974991
2.164,148.382797
2.165,114.901558
2.166,101.965622
2.167,84.464058
2.168,92.073433
2.169,115.662491
2.17,130.881241
2.171,141.534363
2.172,149.904678
2.173,181.864044
2.174,196.321869
2.175,249.587479
2.176,303.614044
2.177,331.768738
2.178,329.485931
2.179,277.742157
2.18,234.368729
2.181,185.668732
2.182,134.685928
2.183,90.551559
2.184,67.723434
2.185,65.44062
2.186,88.268745
2.187,119.467178
2.188,124.032806
2.189,139.251556
2.19,153.709366
2.191,206.21405
2.192,251.8703
2.193,308.940613
2.194,363.728088
2.195,334.051544
2.196,283.829681
2.197,220.67186
2.198,183.385925
2.199,112.618744
2.2,73.810936
2.201,67.723434
2.202,64.67968
2.203,102.726555
2.204,128.598434
2.205,143.817184
2.206,155.992172
2.207,157.514053
2.208,181.103119
2.209,209.257797
2.21,252.631241
2.211,310.462494
2.212,327.96405
2.213,278.503113
2.214,248.826553
2.215,210.018738
2.216,155.992172
2.217,101.965622
2.218,79.137497
2.219,79.89843
2.22,71.528122
2.221,93.595306
2.222,128.598434
2.223,141.534363
2.224,124.032806
2.225,159.035934
2.226,193.278107
2.227,270.893738
2.228,320.354675
2.229,371.337463
2.23,344.704651
2.231,294.482788
2.232,246.543732
2.233,181.103119
2.234,108.053116
2.235,80.65937
2.236,61.635933
2.237,54.787498
2.238,70.767181
2.239,103.487495
2.24,140.012497
2.241,141.534363
2.242,150.665619
2.243,206.974991
2.244,264.045288
2.245,311.984344
2.246,351.553101
2.247,325.681244
2.248,261.001556
2.249,231.324982
2.25,155.992172
2.251,78.376556
2.252,41.090622
2.253,57.831245
2.254,58.592182
2.255,89.790619
2.256,110.33593
2.257,136.968735
2.258,165.123428
2.259,171.210922
2.26,227.520294
2.261,281.546844
2.262,311.984344
2.263,326.442169
2.264,291.439056
2.265,233.607803
2.266,169.689056
2.267,92.834366
2.268,53.265621
2.269,48.699997
2.27,35.003124
2.271,73.049995
2.272,95.11718
2.273,128.598434
2.274,150.665619
2.275,181.864044
2.276,241.217178
2.277,283.068726
2.278,276.220306
2.279,254.914047
2.28,238.934357
2.281,190.23436
2.282,151.426559
2.283,93.595306
2.284,71.528122
2.285,41.851559
2.286,47.178123
2.287,67.723434
2.288,98.921867
2.289,133.924988
2.29,203.931244
2.291,262.523407
2.292,323.398407
2.293,302.853119
2.294,266.328094
2.295,225.237488
2.296,152.187485
2.297,92.834366
2.298,49.460934
2.299,29.676561
2.3,28.915623
2.301,54.026558
2.302,87.507805
2.303,140.773422
2.304,199.365616
2.305,280.024994
2.306,307.418732
2.307,320.354675
2.308,275.459351
2.309,203.931244
2.31,138.490616
2.311,69.245308
2.312,26.632811
2.313,-6.0875
2.314,10.653124
2.315,56.309372
2.316,134.685928
2.317,200.887482
2.318,248.065613
2.319,264.806244
2.32,264.806244
2.321,241.217178
2.322,200.887482
2.323,140.773422
2.324,103.487495
2.325,60.114059
2.326,50.22187
2.327,54.787498
2.328,82.942184
2.329,95.87812
2.33,148.382797
2.331,174.254669
2.332,218.389053
2.333,238.934357
2.334,235.129669
2.335,213.823425
2.336,151.426559
2.337,133.924988
2.338,89.790619
2.339,64.67968
2.34,54.026558
2.341,53.265621
2.342,57.831245
2.343,105.770309
2.344,130.881241
2.345,172.732803
2.346,195.560928
2.347,205.45311
2.348,215.345306
2.349,199.365616
2.35,155.231247
2.351,123.271866
2.352,70.767181
2.353,60.114059
2.354,70.006248
2.355,70.006248
2.356,93.595306
2.357,140.773422
2.358,145.33905
2.359,168.167175
2.36,179.581238
2.361,170.449982
2.362,154.470306
2.363,122.510933
2.364,101.204681
2.365,97.399994
2.366,97.399994
2.367,89.029678
2.368,93.595306
2.369,98.160934
2.37,115.662491
2.371,116.423431
2.372,134.685928
2.373,146.099991
2.374,152.187485
2.375,127.076553
2.376,120.989052
2.377,113.379677
2.378,93.595306
2.379,82.181244
2.38,75.332809
2.381,90.551559
2.382,99.682808
2.383,84.464058
2.384,105.770309
2.385,101.965622
2.386,129.35936
2.387,127.837494
2.388,121.749992
2.389,128.598434
2.39,130.1203
2.391,109.574997
2.392,108.053116
2.393,85.985931
2.394,70.006248
2.395,70.767181
2.396,68.484367
2.397,89.790619
2.398,95.87812
2.399,123.271866
2.4,126.31562
2.401,147.621872
2.402,131.642181
2.403,119.467178
2.404,93.595306
2.405,76.854683
2.406,70.006248
2.407,79.89843
2.408,73.049995
2.409,80.65937
2.41,92.073433
2.411,100.443741
2.412,102.726555
2.413,121.749992
2.414,102.726555
2.415,120.989052
2.416,124.032806
2.417,104.248428
2.418,94.356247
2.419,86.746872
2.42,89.029678
2.421,79.89843
2.422,71.528122
2.423,70.767181
2.424,86.746872
2.425,86.746872
2.426,122.510933
2.427,122.510933
2.428,120.228119
2.429,98.921867
2.43,94.356247
2.431,93.595306
2.432,87.507805
2.433,73.049995
2.434,80.65937
2.435,92.073433
2.436,81.420311
2.437,83.703117
2.438,85.224991
2.439,100.443741
2.44,84.464058
2.441,94.356247
2.442,110.33593
2.443,113.379677
2.444,104.248428
2.445,98.921867
2.446,93.595306
2.447,89.029678
2.448,77.615623
2.449,71.528122
2.45,73.049995
2.451,85.985931
2.452,105.009369
2.453,105.770309
2.454,100.443741
2.455,101.204681
2.456,79.89843
2.457,95.87812
2.458,83.703117
2.459,88.268745
2.46,85.985931
2.461,105.770309
2.462,95.11718
2.463,93.595306
2.464,82.942184
2.465,79.89843
2.466,96.639053
2.467,98.160934
2.468,89.790619
2.469,95.11718
2.47,95.87812
2.471,92.834366
2.472,82.181244
2.473,78.376556
2.474,74.571869
2.475,99.682808
2.476,91.312492
2.477,82.942184
2.478,89.790619
2.479,101.204681
2.48,95.11718
2.481,98.160934
2.482,89.029678
2.483,76.854683
2.484,82.942184
2.485,70.006248
2.486,63.918747
2.487,77.615623
2.488,95.87812
2.489,82.942184
2.49,76.093742
2.491,69.245308
2.492,77.615623
2.493,89.029678
2.494,92.073433
2.495,93.595306
2.496,79.89843
2.497,95.11718
2.498,102.726555
2.499,98.160934
2.5,57.070309
2.501,81.420311
2.502,76.093742
2.503,84.464058
2.504,78.376556
2.505,74.571869
2.506,96.639053
2.507,85.224991
2.508,86.746872
2.509,73.049995
2.51,88.268745
2.511,84.464058
2.512,71.528122
2.513,69.245308
2.514,73.810936
2.515,83.703117
2.516,82.942184
2.517,79.137497
2.518,87.507805
2.519,78.376556
2.52,78.376556
2.521,89.790619
2.522,97.399994
2.523,78.376556
2.524,72.289055
2.525,57.070309
2.526,71.528122
2.527,81.420311
2.528,68.484367
2.529,70.767181
2.53,79.89843
2.531,84.464058
2.532,81.420311
2.533,69.245308
2.534,75.332809
2.535,84.464058
2.536,73.049995
2.537,86.746872
2.538,81.420311
2.539,85.224991
2.54,78.376556
2.541,82.181244
2.542,77.615623
2.543,64.67968
2.544,69.245308
2.545,65.44062
2.546,76.093742
2.547,79.137497
2.548,70.006248
2.549,85.224991
2.55,85.224991
2.551,81.420311
2.552,85.985931
2.553,70.767181
2.554,73.810936
2.555,65.44062
2.556,82.181244
2.557,72.289055
2.558,73.049995
2.559,75.332809
2.56,65.44062
2.561,76.093742
2.562,73.810936
2.563,72.289055
2.564,78.376556
2.565,77.615623
2.566,83.703117
2.567,82.181244
2.568,66.962494
2.569,70.006248
2.57,68.484367
2.571,72.289055
2.572,69.245308
2.573,65.44062
2.574,75.332809
2.575,76.093742
2.576,74.571869
2.577,80.65937
2.578,73.810936
2.579,70.006248
2.58,76.854683
2.581,76.854683
2.582,63.918747
2.583,76.093742
2.584,66.201561
2.585,69.245308
2.586,70.006248
2.587,72.289055
2.588,69.245308
2.589,76.093742
2.59,64.67968
2.591,76.093742
2.592,63.15781
2.593,81.420311
2.594,70.767181
2.595,69.245308
2.596,71.528122
2.597,82.942184
2.598,76.093742
2.599,64.67968
2.6,74.571869
2.601,66.962494
2.602,82.942184
2.603,78.376556
2.604,70.006248
2.605,64.67968
2.606,73.810936
2.607,84.464058
2.608,67.723434
2.609,85.224991
2.61,90.551559
2.611,84.464058
2.612,59.353123
2.613,74.571869
2.614,60.874996
2.615,73.810936
2.616,79.137497
2.617,60.874996
2.618,78.376556
2.619,77.615623
2.62,61.635933
2.621,60.114059
2.622,56.309372
2.623,65.44062
2.624,76.093742
2.625,64.67968
2.626,69.245308
2.627,79.89843
2.628,64.67968
2.629,72.289055
2.63,69.245308
2.631,72.289055
2.632,64.67968
2.633,73.049995
2.634,56.309372
2.635,75.332809
2.636,65.44062
2.637,79.89843
2.638,57.070309
2.639,53.265621
2.64,66.201561
2.641,72.289055
2.642,64.67968
2.643,89.790619
2.644,71.528122
2.645,62.39687
2.646,63.15781
2.647,66.201561
2.648,60.114059
2.649,73.810936
2.65,60.114059
2.651,77.615623
2.652,73.810936
2.653,68.484367
2.654,65.44062
2.655,70.767181
2.656,55.548435
2.657,57.831245
2.658,64.67968
2.659,70.006248
2.66,60.114059
2.661,78.376556
2.662,63.918747
2.663,71.528122
2.664,69.245308
2.665,60.874996
2.666,61.635933
2.667,71.528122
2.668,70.006248
2.669,66.201561
2.67,69.245308
2.671,55.548435
2.672,63.918747
2.673,67.723434
2.674,47.93906
2.675,48.699997
2.676,71.528122
2.677,63.918747
2.678,70.006248
2.679,70.767181
2.68,67.723434
2.681,78.376556
2.682,73.049995
2.683,72.289055
2.684,76.093742
2.685,70.006248
2.686,65.44062
2.687,66.201561
2.688,67.723434
2.689,56.309372
2.69,70.006248
2.691,60.874996
2.692,69.245308
2.693,68.484367
2.694,69.245308
2.695,66.201561
2.696,62.39687
2.697,69.245308
2.698,72.289055
2.699,61.635933
2.7,61.635933
2.701,54.787498
2.702,64.67968
2.703,58.592182
2.704,60.874996
2.705,70.767181
2.706,68.484367
2.707,70.767181
2.708,44.134373
2.709,52.504684
2.71,58.592182
2.711,62.39687
2.712,61.635933
2.713,61.635933
2.714,71.528122
2.715,50.982811
2.716,59.353123
2.717,56.309372
2.718,60.874996
2.719,49.460934
2.72,47.93906
2.721,61.635933
2.722,57.070309
2.723,63.15781
2.724,49.460934
2.725,69.245308
2.726,63.918747
2.727,57.070309
2.728,50.22187
2.729,61.635933
2.73,50.982811
2.731,68.484367
2.732,60.874996
2.733,69.245308
2.734,58.592182
2.735,51.743748
2.736,64.67968
2.737,51.743748
2.738,48.699997
2.739,54.787498
2.74,63.918747
2.741,54.787498
2.742,58.592182
2.743,51.743748
2.744,51.743748
2.745,69.245308
2.746,64.67968
2.747,60.114059
2.748,64.67968
2.749,54.787498
2.75,60.874996
2.751,55.548435
2.752,54.787498
2.753,57.070309
2.754,63.918747
2.755,66.201561
2.756,55.548435
2.757,54.026558
2.758,75.332809
2.759,53.265621
2.76,57.070309
2.761,53.265621
2.762,44.895309
2.763,55.548435
2.764,50.982811
2.765,61.635933
2.766,58.592182
2.767,47.178123
2.768,60.114059
2.769,57.831245
2.77,54.787498
2.771,47.178123
2.772,44.134373
2.773,56.309372
2.774,54.026558
2.775,49.460934
2.776,45.656246
2.777,60.114059
2.778,54.787498
2.779,38.807812
2.78,35.003124
2.781,35.003124
2.782,30.437498
2.783,8.370312
2.784,34.242184
2.785,29.676561
2.786,55.548435
2.787,53.265621
2.788,37.285934
2.789,59.353123
2.79,43.373436
2.791,40.329685
2.792,38.807812
2.793,43.373436
2.794,38.807812
2.795,54.026558
2.796,47.93906
2.797,59.353123
2.798,45.656246
2.799,46.417183
2.8,36.524998
2.801,54.787498
2.802,30.437498
2.803,55.548435
2.804,39.568748
2.805,36.524998
2.806,45.656246
2.807,44.895309
2.808,41.851559
2.809,31.959373
2.81,53.265621
2.811,49.460934
2.812,48.699997
2.813,41.090622
2.814,47.178123
2.815,39.568748
2.816,39.568748
2.817,40.329685
2.818,45.656246
2.819,47.178123
2.82,43.373436
2.821,24.349998
2.822,36.524998
2.823,31.198435
2.824,41.851559
2.825,45.656246
2.826,31.959373
2.827,30.437498
2.828,44.895309
2.829,50.22187
2.83,58.592182
2.831,39.568748
2.832,40.329685
2.833,45.656246
2.834,47.93906
2.835,30.437498
2.836,35.003124
2.837,47.93906
2.838,35.764061
2.839,53.265621
2.84,45.656246
2.841,38.807812
2.842,46.417183
2.843,55.548435
2.844,44.134373
2.845,39.568748
2.846,43.373436
2.847,42.612495
2.848,53.265621
2.849,40.329685
2.85,35.764061
2.851,46.417183
2.852,37.285934
2.853,34.242184
2.854,38.046871
2.855,25.871874
2.856,47.178123
2.857,43.373436
2.858,48.699997
2.859,50.982811
2.86,47.178123
2.861,47.178123
2.862,37.285934
2.863,45.656246
2.864,47.93906
2.865,41.851559
2.866,44.895309
2.867,38.807812
2.868,50.982811
2.869,45.656246
2.87,47.93906
2.871,52.504684
2.872,47.178123
2.873,44.895309
2.874,47.178123
2.875,55.548435
2.876,39.568748
2.877,44.895309
2.878,38.807812
2.879,39.568748
2.88,32.72031
2.881,36.524998
2.882,36.524998
2.883,57.070309
2.884,58.592182
2.885,51.743748
2.886,44.134373
2.887,44.134373
2.888,49.460934
2.889,44.134373
2.89,45.656246
2.891,37.285934
2.892,40.329685
2.893,36.524998
2.894,44.134373
2.895,55.548435
2.896,39.568748
2.897,24.349998
2.898,41.090622
2.899,45.656246
2.9,41.090622
2.901,48.699997
2.902,38.807812
2.903,33.481247
2.904,41.851559
2.905,41.090622
2.906,34.242184
2.907,35.003124
2.908,43.373436
2.909,41.851559
2.91,47.178123
2.911,43.373436
2.912,44.895309
2.913,41.851559
2.914,38.807812
2.915,38.046871
2.916,41.851559
2.917,41.851559
2.918,32.72031
2.919,36.524998
2.92,41.090622
2.921,31.959373
2.922,32.72031
2.923,33.481247
2.924,37.285934
2.925,35.003124
2.926,28.154686
2.927,41.851559
2.928,29.676561
2.929,41.851559
2.93,31.959373
2.931,28.915623
2.932,32.72031
2.933,44.895309
2.934,38.807812
2.935,40.329685
2.936,26.632811
2.937,27.393749
2.938,35.764061
2.939,31.959373
2.94,31.959373
2.941,43.373436
2.942,41.851559
2.943,32.72031
2.944,38.807812
2.945,43.373436
2.946,39.568748
2.947,36.524998
2.948,26.632811
2.949,26.632811
2.95,35.764061
2.951,38.807812
2.952,41.090622
2.953,37.285934
2.954,33.481247
2.955,41.851559
2.956,35.003124
2.957,32.72031
2.958,35.764061
2.959,44.134373
2.96,33.481247
2.961,39.568748
2.962,34.242184
2.963,44.895309
2.964,44.134373
2.965,28.915623
2.966,35.003124
2.967,22.828123
2.968,26.632811
2.969,30.437498
2.97,31.198435
2.971,40.329685
2.972,40.329685
2.973,38.807812
2.974,21.306248
2.975,37.285934
2.976,32.72031
2.977,24.349998
2.978,36.524998
2.979,25.110935
2.98,23.589062
2.981,25.871874
2.982,24.349998
2.983,30.437498
2.984,34.242184
2.985,29.676561
2.986,25.110935
2.987,30.437498
2.988,34.242184
2.989,23.589062
2.99,35.764061
2.991,12.174999
2.992,32.72031
2.993,16.740623
2.994,19.784374
2.995,33.481247
2.996,26.632811
2.997,39.568748
2.998,31.198435
2.999,35.003124
3,26.632811
3.001,19.023436
3.002,33.481247
3.003,28.915623
3.004,32.72031
3.005,41.090622
3.006,30.437498
3.007,41.090622
3.008,30.437498
3.009,26.632811
3.01,34.242184
3.011,28.915623
3.012,44.134373
3.013,38.807812
3.014,30.437498
3.015,25.110935
3.016,1.521875
3.017,22.828123
3.018,16.740623
3.019,19.023436
3.02,34.242184
3.021,28.915623
3.022,38.807812
3.023,27.393749
3.024,33.481247
3.025,27.393749
3.026,26.632811
3.027,26.632811
3.028,12.174999
3.029,41.090622
3.03,15.979687
3.031,29.676561
3.032,28.154686
3.033,24.349998
3.034,30.437498
3.035,24.349998
3.036,31.198435
3.037,25.871874
3.038,23.589062
3.039,19.784374
3.04,24.349998
3.041,50.22187
3.042,30.437498
3.043,22.828123
3.044,22.067186
3.045,29.676561
3.046,25.871874
3.047,27.393749
3.048,28.154686
3.049,22.828123
3.05,23.589062
3.051,29.676561
3.052,31.198435
3.053,24.349998
3.054,26.632811
3.055,12.935937
3.056,35.003124
3.057,21.306248
3.058,25.110935
3.059,22.067186
3.06,11.414062
3.061,24.349998
3.062,23.589062
3.063,18.262499
3.064,21.306248
3.065,25.110935
3.066,29.676561
3.067,20.545311
3.068,29.676561
3.069,17.501562
3.07,22.828123
3.071,16.740623
3.072,15.218749
3.073,30.437498
3.074,21.306248
3.075,19.023436
3.076,24.349998
3.077,21.306248
3.078,17.501562
3.079,14.457811
3.08,12.935937
3.081,25.871874
3.082,28.915623
3.083,28.154686
3.084,21.306248
3.085,24.349998
3.086,19.023436
3.087,29.676561
3.088,13.696875
3.089,12.935937
3.09,16.740623
3.091,23.589062
3.092,19.023436
3.093,23.589062
3.094,23.589062
3.095,22.828123
3.096,15.979687
3.097,29.676561
3.098,25.871874
3.099,25.871874
3.1,33.481247
3.101,31.198435
3.102,25.871874
3.103,19.784374
3.104,25.871874
3.105,25.110935
3.106,35.764061
3.107,19.784374
3.108,29.676561
3.109,17.501562
3.11,17.501562
3.111,23.589062
3.112,26.632811
3.113,12.935937
3.114,26.632811
3.115,21.306248
3.116,28.915623
3.117,19.023436
3.118,16.740623
3.119,32.72031
3.12,9.131249
3.121,15.979687
3.122,25.871874
3.123,14.457811
3.124,19.023436
3.125,12.174999
3.126,15.218749
3.127,25.110935
3.128,12.935937
3.129,9.131249
3.13,9.131249
3.131,19.023436
3.132,26.632811
3.133,35.003124
3.134,18.262499
3.135,28.154686
3.136,25.871874
3.137,19.023436
3.138,31.198435
3.139,22.067186
3.14,22.828123
3.141,25.110935
3.142,12.174999
3.143,19.023436
3.144,22.828123
3.145,19.023436
3.146,37.285934
3.147,19.784374
3.148,25.110935
3.149,19.784374
3.15,19.784374
3.151,14.457811
3.152,8.370312
3.153,22.828123
3.154,28.915623
3.155,25.871874
3.156,17.501562
3.157,18.262499
3.158,17.501562
3.159,25.871874
3.16,12.935937
3.161,23.589062
3.162,16.740623
3.163,25.110935
3.164,11.414062
3.165,12.174999
3.166,16.740623
3.167,8.370312
3.168,19.023436
3.169,22.067186
3.17,19.023436
3.171,24.349998
3.172,27.393749
3.173,27.393749
3.174,29.676561
3.175,10.653124
3.176,22.828123
3.177,10.653124
3.178,22.828123
3.179,9.892187
3.18,15.218749
3.181,20.545311
3.182,10.653124
3.183,26.632811
3.184,22.828123
3.185,30.437498
3.186,25.110935
3.187,24.349998
3.188,16.740623
3.189,8.370312
3.19,7.609375
3.191,23.589062
3.192,20.545311
3.193,12.935937
3.194,12.935937
3.195,25.871874
3.196,19.023436
3.197,30.437498
3.198,30.437498
3.199,-6.848437
3.2,22.828123
3.201,22.828123
3.202,16.740623
3.203,20.545311
3.204,9.892187
3.205,26.632811
3.206,8.370312
3.207,17.501562
3.208,5.326562
3.209,15.979687
3.21,6.848437
3.211,15.979687
3.212,19.784374
3.213,19.023436
3.214,27.393749
3.215,10.653124
3.216,16.740623
3.217,12.174999
3.218,14.457811
3.219,18.262499
3.22,28.154686
3.221,26.632811
3.222,16.740623
3.223,32.72031
3.224,15.979687
3.225,21.306248
3.226,22.828123
3.227,13.696875
3.228,12.935937
3.229,15.218749
3.23,19.784374
3.231,19.023436
3.232,22.067186
3.233,17.501562
3.234,10.653124
3.235,16.740623
3.236,17.501562
3.237,31.198435
3.238,18.262499
3.239,25.110935
3.24,18.262499
3.241,16.740623
3.242,-0.760937
3.243,-0.760937
3.244,31.198435
3.245,24.349998
3.246,30.437498
3.247,22.828123
3.248,-3.804687
3.249,8.370312
3.25,17.501562
3.251,0.760937
3.252,22.828123
3.253,9.892187
3.254,15.979687
3.255,20.545311
3.256,17.501562
3.257,12.174999
3.258,15.218749
3.259,14.457811
3.26,24.349998
3.261,20.545311
3.262,14.457811
3.263,8.370312
3.264,9.892187
3.265,19.023436
3.266,11.414062
3.267,11.414062
3.268,15.218749
3.269,14.457811
3.27,22.067186
3.271,16.740623
3.272,29.676561
3.273,12.174999
3.274,6.848437
3.275,9.131249
3.276,23.589062
3.277,15.218749
3.278,14.457811
3.279,17.501562
3.28,15.979687
3.281,4.565625
3.282,7.609375
3.283,10.653124
3.284,6.848437
3.285,31.198435
3.286,21.306248
3.287,15.218749
3.288,4.565625
3.289,16.740623
3.29,12.935937
3.291,21.306248
3.292,12.935937
3.293,9.892187
3.294,16.740623
3.295,21.306248
3.296,0
3.297,8.370312
3.298,14.457811
3.299,14.457811
3.3,19.023436
3.301,14.457811
3.302,13.696875
3.303,14.457811
3.304,8.370312
3.305,22.067186
3.306,15.218749
3.307,27.393749
3.308,23.589062
3.309,5.326562
3.31,9.131249
3.311,0
3.312,8.370312
3.313,6.848437
3.314,14.457811
3.315,9.892187
3.316,19.023436
3.317,29.676561
3.318,15.979687
3.319,15.979687
3.32,14.457811
3.321,10.653124
3.322,7.609375
3.323,12.174999
3.324,14.457811
3.325,1.521875
3.326,20.545311
3.327,22.067186
3.328,18.262499
3.329,6.848437
3.33,14.457811
3.331,16.740623
3.332,8.370312
3.333,16.740623
3.334,11.414062
3.335,19.023436
3.336,13.696875
3.337,21.306248
3.338,12.935937
3.339,5.326562
3.34,11.414062
3.341,22.067186
3.342,30.437498
3.343,16.740623
3.344,5.326562
3.345,10.653124
3.346,20.545311
3.347,19.023436
3.348,12.174999
3.349,12.174999
3.35,9.131249
3.351,5.326562
3.352,14.457811
3.353,8.370312
3.354,15.218749
3.355,25.110935
3.356,9.892187
3.357,10.653124
3.358,9.892187
3.359,7.609375
3.36,22.067186
3.361,22.828123
3.362,17.501562
3.363,7.609375
3.364,22.067186
3.365,4.565625
3.366,17.501562
3.367,4.565625
3.368,25.871874
3.369,23.589062
3.37,8.370312
3.371,24.349998
3.372,6.848437
3.373,14.457811
3.374,27.393749
3.375,6.0875
3.376,16.740623
3.377,22.828123
3.378,21.306248
3.379,10.653124
3.38,14.457811
3.381,12.935937
3.382,21.306248
3.383,13.696875
3.384,3.04375
3.385,19.784374
3.386,12.174999
3.387,19.784374
3.388,15.218749
3.389,10.653124
3.39,25.871874
3.391,9.892187
3.392,9.892187
3.393,13.696875
3.394,10.653124
3.395,18.262499
3.396,8.370312
3.397,6.848437
3.398,24.349998
3.399,10.653124
3.4,19.784374
3.401,27.393749
3.402,25.110935
3.403,7.609375
3.404,10.653124
3.405,10.653124
3.406,15.218749
3.407,19.023436
3.408,9.892187
3.409,6.848437
3.41,17.501562
3.411,20.545311
3.412,5.326562
3.413,19.023436
3.414,11.414062
3.415,9.131249
3.416,2.282812
3.417,0.760937
3.418,15.218749
3.419,19.023436
3.42,19.023436
3.421,21.306248
3.422,22.067186
3.423,18.262499
3.424,19.784374
3.425,12.174999
3.426,3.04375
3.427,10.653124
3.428,18.262499
3.429,13.696875
3.43,24.349998
3.431,9.131249
3.432,46.417183
3.433,21.306248
3.434,17.501562
3.435,10.653124
3.436,24.349998
3.437,8.370312
3.438,4.565625
3.439,13.696875
3.44,5.326562
3.441,22.067186
3.442,4.565625
3.443,20.545311
3.444,28.154686
3.445,23.589062
3.446,21.306248
3.447,17.501562
3.448,12.935937
3.449,24.349998
3.45,6.0875
3.451,12.935937
3.452,5.326562
3.453,25.110935
3.454,15.979687
3.455,14.457811
3.456,12.935937
3.457,-12.935937
3.458,9.131249
3.459,22.067186
3.46,12.174999
3.461,12.174999
3.462,11.414062
3.463,25.110935
3.464,16.740623
3.465,12.935937
3.466,17.501562
3.467,14.457811
3.468,16.740623
3.469,12.174999
3.47,9.892187
3.471,18.262499
3.472,4.565625
3.473,25.871874
3.474,19.023436
3.475,10.653124
3.476,14.457811
3.477,9.131249
3.478,0
3.479,26.632811
3.48,20.545311
3.481,19.784374
3.482,0.760937
3.483,20.545311
3.484,22.828123
3.485,8.370312
3.486,4.565625
3.487,7.609375
3.488,16.740623
3.489,11.414062
3.49,9.131249
3.491,-1.521875
3.492,15.218749
3.493,17.501562
3.494,19.784374
3.495,19.784374
3.496,11.414062
3.497,13.696875
3.498,15.218749
3.499,32.72031
3.5,0
3.501,14.457811
3.502,15.979687
3.503,3.804687
3.504,12.174999
3.505,15.979687
3.506,20.545311
3.507,21.306248
3.508,15.979687
3.509,24.349998
3.51,23.589062
3.511,12.174999
3.512,10.653124
3.513,17.501562
3.514,9.131249
3.515,5.326562
3.516,1.521875
3.517,15.979687
3.518,11.414062
3.519,12.935937
3.52,28.154686
3.521,17.501562
3.522,12.174999
3.523,4.565625
3.524,9.892187
3.525,15.979687
3.526,9.892187
3.527,2.282812
3.528,19.023436
3.529,12.174999
3.53,11.414062
3.531,19.023436
3.532,6.848437
3.533,12.174999
3.534,14.457811
3.535,14.457811
3.536,22.828123
3.537,8.370312
3.538,23.589062
3.539,24.349998
3.54,15.218749
3.541,22.828123
3.542,15.979687
3.543,7.609375
3.544,22.067186
3.545,1.521875
3.546,3.804687
3.547,3.804687
3.548,9.892187
3.549,0
3.55,18.262499
3.551,9.892187
3.552,28.915623
3.553,16.740623
3.554,12.174999
3.555,14.457811
3.556,16.740623
3.557,25.110935
3.558,29.676561
3.559,9.892187
3.56,20.545311
3.561,25.110935
3.562,28.154686
3.563,18.262499
3.564,7.609375
3.565,19.784374
3.566,16.740623
3.567,10.653124
3.568,9.892187
3.569,-3.804687
3.57,22.828123
3.571,12.935937
3.572,15.979687
3.573,-2.282812
3.574,15.218749
3.575,14.457811
3.576,17.501562
3.577,0.760937
3.578,9.131249
3.579,15.218749
3.58,22.828123
3.581,18.262499
3.582,12.174999
3.583,23.589062
3.584,3.04375
3.585,11.414062
3.586,-2.282812
3.587,0.760937
3.588,12.174999
3.589,8.370312
3.59,11.414062
3.591,15.979687
3.592,12.174999
3.593,19.023436
3.594,22.828123
3.595,2.282812
3.596,3.804687
3.597,10.653124
3.598,8.370312
3.599,12.174999
3.6,9.131249
3.601,12.174999
3.602,3.04375
3.603,20.545311
3.604,16.740623
3.605,7.609375
3.606,15.218749
3.607,8.370312
3.608,9.892187
3.609,12.935937
3.61,10.653124
3.611,19.023436
3.612,15.218749
3.613,12.174999
3.614,-5.326562
3.615,17.501562
3.616,9.131249
3.617,22.828123
3.618,-0.760937
3.619,19.784374
3.62,4.565625
3.621,9.892187
3.622,9.892187
3.623,16.740623
3.624,3.04375
3.625,7.609375
3.626,10.653124
3.627,5.326562
3.628,3.804687
3.629,17.501562
3.63,3.804687
3.631,3.04375
3.632,14.457811
3.633,15.979687
3.634,15.979687
3.635,11.414062
3.636,9.892187
3.637,13.696875
3.638,9.892187
3.639,9.892187
3.64,33.481247
3.641,14.457811
3.642,-5.326562
3.643,16.740623
3.644,7.609375
3.645,10.653124
3.646,9.131249
3.647,24.349998
3.648,12.174999
3.649,15.979687
3.65,14.457811
3.651,28.915623
3.652,13.696875
3.653,7.609375
3.654,-1.521875
3.655,3.804687
3.656,-0.760937
3.657,7.609375
3.658,9.131249
3.659,14.457811
3.66,8.370312
3.661,12.935937
3.662,2.282812
3.663,-0.760937
3.664,12.935937
3.665,-14.457811
3.666,14.457811
3.667,9.892187
3.668,13.696875
3.669,18.262499
3.67,17.501562
3.671,4.565625
3.672,22.828123
3.673,16.740623
3.674,15.979687
3.675,25.110935
3.676,7.609375
3.677,22.067186
3.678,7.609375
3.679,11.414062
3.68,14.457811
3.681,10.653124
3.682,7.609375
3.683,8.370312
3.684,9.892187
3.685,8.370312
3.686,19.784374
3.687,7.609375
3.688,10.653124
3.689,14.457811
3.69,10.653124
3.691,12.174999
3.692,7.609375
3.693,6.848437
3.694,10.653124
3.695,3.804687
3.696,12.935937
3.697,13.696875
3.698,3.804687
3.699,5.326562
3.7,0.760937
3.701,18.262499
3.702,11.414062
3.703,18.262499
3.704,18.262499
3.705,11.414062
3.706,-2.282812
3.707,12.174999
3.708,21.306248
3.709,1.521875
3.71,4.565625
3.711,20.545311
3.712,14.457811
3.713,6.848437
3.714,6.848437
3.715,24.349998
3.716,9.131249
3.717,11.414062
3.718,9.131249
3.719,3.04375
3.72,15.218749
3.721,12.935937
3.722,10.653124
3.723,0
3.724,22.067186
3.725,5.326562
3.726,2.282812
3.727,19.023436
3.728,0
3.729,3.804687
3.73,4.565625
3.731,7.609375
3.732,3.804687
3.733,7.609375
3.734,13.696875
3.735,-1.521875
3.736,11.414062
3.737,19.023436
3.738,20.545311
3.739,22.067186
3.74,5.326562
3.741,12.935937
3.742,15.218749
3.743,11.414062
3.744,12.935937
3.745,25.110935
3.746,14.457811
3.747,22.067186
3.748,22.828123
3.749,-1.521875
3.75,19.023436
3.751,16.740623
3.752,9.131249
3.753,25.110935
3.754,9.131249
3.755,5.326562
3.756,12.935937
3.757,7.609375
3.758,14.457811
3.759,-9.892187
3.76,22.067186
3.761,16.740623
3.762,10.653124
3.763,-0.760937
3.764,15.979687
3.765,18.262499
3.766,6.848437
3.767,14.457811
3.768,12.935937
3.769,10.653124
3.77,4.565625
3.771,9.131249
3.772,14.457811
3.773,19.023436
3.774,3.804687
3.775,17.501562
3.776,15.979687
3.777,17.501562
3.778,10.653124
3.779,9.131249
3.78,-3.04375
3.781,10.653124
3.782,10.653124
3.783,12.935937
3.784,18.262499
3.785,9.131249
3.786,29.676561
3.787,12.174999
3.788,15.979687
3.789,12.174999
3.79,15.218749
3.791,14.457811
3.792,21.306248
3.793,0
3.794,15.979687
3.795,6.0875
3.796,6.848437
3.797,16.740623
3.798,11.414062
3.799,16.740623
3.8,21.306248
3.801,22.828123
3.802,3.804687
3.803,5.326562
3.804,9.131249
3.805,9.892187
3.806,12.935937
3.807,19.023436
3.808,3.04375
3.809,8.370312
3.81,15.979687
3.811,12.174999
3.812,19.784374
3.813,22.067186
3.814,8.370312
3.815,7.609375
3.816,14.457811
3.817,14.457811
3.818,7.609375
3.819,8.370312
3.82,7.609375
3.821,15.979687
3.822,9.131249
3.823,8.370312
3.824,11.414062
3.825,9.131249
3.826,3.804687
3.827,4.565625
3.828,1.521875
3.829,-1.521875
3.83,11.414062
3.831,-3.04375
3.832,12.935937
3.833,3.04375
3.834,6.848437
3.835,11.414062
3.836,3.804687
3.837,3.04375
3.838,8.370312
3.839,12.935937
3.84,-3.04375
3.841,0.760937
3.842,7.609375
3.843,14.457811
3.844,15.979687
3.845,0.760937
3.846,7.609375
3.847,19.023436
3.848,9.131249
3.849,12.935937
3.85,12.935937
3.851,9.892187
3.852,4.565625
3.853,11.414062
3.854,9.131249
3.855,-3.804687
3.856,5.326562
3.857,6.0875
3.858,15.979687
3.859,12.174999
3.86,15.979687
3.861,-5.326562
3.862,21.306248
3.863,17.501562
3.864,12.174999
3.865,-3.04375
3.866,11.414062
3.867,12.935937
3.868,6.0875
3.869,11.414062
3.87,19.784374
3.871,14.457811
3.872,9.892187
3.873,0.760937
3.874,10.653124
3.875,3.804687
3.876,15.979687
3.877,7.609375
3.878,14.457811
3.879,14.457811
3.88,10.653124
3.881,12.174999
3.882,0.760937
3.883,4.565625
3.884,12.935937
3.885,12.935937
3.886,0
3.887,0.760937
3.888,6.848437
3.889,0
3.89,-0.760937
3.891,9.892187
3.892,2.282812
3.893,9.131249
3.894,11.414062
3.895,5.326562
3.896,2.282812
3.897,7.609375
3.898,19.784374
3.899,14.457811
3.9,9.131249
3.901,11.414062
3.902,12.935937
3.903,9.131249
3.904,9.131249
3.905,25.110935
3.906,9.131249
3.907,10.653124
3.908,8.370312
3.909,6.848437
3.91,17.501562
3.911,12.935937
3.912,6.848437
3.913,5.326562
3.914,9.892187
3.915,14.457811
3.916,9.131249
3.917,4.565625
3.918,10.653124
3.919,18.262499
3.92,28.154686
3.921,10.653124
3.922,13.696875
3.923,-0.760937
3.924,9.892187
3.925,4.565625
3.926,5.326562
3.927,12.935937
3.928,11.414062
3.929,12.935937
3.93,14.457811
3.931,15.218749
3.932,10.653124
3.933,21.306248
3.934,10.653124
3.935,12.935937
3.936,12.174999
3.937,9.131249
3.938,9.892187
3.939,5.326562
3.94,6.0875
3.941,7.609375
3.942,6.848437
3.943,16.740623
3.944,18.262499
3.945,24.349998
3.946,12.935937
3.947,8.370312
3.948,27.393749
3.949,12.935937
3.95,24.349998
3.951,3.804687
3.952,15.979687
3.953,11.414062
3.954,5.326562
3.955,6.848437
3.956,16.740623
3.957,15.218749
3.958,9.131249
3.959,6.848437
3.96,12.174999
3.961,12.174999
3.962,16.740623
3.963,-7.609375
3.964,6.848437
3.965,4.565625
3.966,16.740623
3.967,11.414062
3.968,15.979687
3.969,14.457811
3.97,18.262499
3.971,5.326562
3.972,11.414062
3.973,-1.521875
3.974,14.457811
3.975,8.370312
3.976,16.740623
3.977,16.740623
3.978,9.131249
3.979,13.696875
3.98,16.740623
3.981,22.067186
3.982,6.0875
3.983,18.262499
3.984,12.935937
3.985,6.0875
3.986,1.521875
3.987,12.935937
3.988,15.979687
3.989,16.740623
3.99,0
3.991,9.892187
3.992,11.414062
3.993,28.915623
3.994,4.565625
3.995,12.935937
3.996,9.892187
3.997,-9.892187
3.998,5.326562
3.999,12.174999
4,0
